sample,n,n_all,share_tested,var,mean_unweighted,sd_unweighted,mean_weighted,se_weighted,ci_low,ci_high
tested,11188,17824,0.6276929982046678,fls_all,0.5944777830386749,0.32768146166407386,0.5760617814078852,0.005802328257480205,0.564689218023224,0.5874343447925464
tested,11188,17824,0.6276929982046678,fls_lit,0.5897259216032692,0.40069763401763253,0.5700646083241628,0.006910933729865854,0.5565191782136257,0.5836100384346999
tested,11188,17824,0.6276929982046678,fls_num,0.6315097633518686,0.38183443879298834,0.6150573137676325,0.007457431527705721,0.6004407479733292,0.6296738795619358
all,17824,17824,0.6276929982046678,fls_all,0.5944777830386749,0.32768146166407386,0.5760617814078852,0.005802328257480205,0.564689218023224,0.5874343447925464
all,17824,17824,0.6276929982046678,fls_lit,0.5897259216032692,0.40069763401763253,0.5700646083241628,0.006910933729865854,0.5565191782136257,0.5836100384346999
all,17824,17824,0.6276929982046678,fls_num,0.6315097633518686,0.38183443879298834,0.6150573137676325,0.007457431527705721,0.6004407479733292,0.6296738795619358
