n_all,n_tested,share_tested,n_psu,n_strata,weight_min,weight_p01,weight_median,weight_p99,weight_max
17824,11188,0.6276929982046678,1111,56,0.0120088729504182,0.04753260464704024,1.5273396221125943,13.42504060912658,44.579175712405096
